{"cameraMode":{"drawMode":0,"name":"Shaded","section":"Shading Mode"},"sceneLighting":true,"audioPlay":false,"sceneViewState":{"showFog":true,"showMaterialUpdate":true,"showSkybox":true,"showFlares":true,"showImageEffects":true,"showParticleSystems":true},"in2DMode":false,"pivot":{"x":424.8044738769531,"y":790.490966796875,"z":-74.90777587890625},"rotation":{"x":-0.005308301188051701,"y":0.9854881167411804,"z":-0.031358979642391208,"w":-0.1668338030576706},"size":135.0923309326172,"orthographic":false}